ID,Compania,Nombre_Producto,Anio_Lanzamiento
1,Consultoría Avanzadas S.Coop.,Ciento mundo,1981
2,Rocha & Asociados S.Coop.,Capital resto capacidad,1984
3,Logística FQY S.Com.,Siquiera centro,2014
4,Manufacturas Avanzadas S.A.U,Ella habían corte,1975
5,Solana y Baños S.Com.,Bien,2018
6,Hotel YOCP S.L.N.E,Primero manos hacerlo,2003
7,Ileana Orozco Torrents S.Com.,Dejar peso,2012
8,Minería Valverde y asociados S.A.,Otra razón,1975
9,Banca Privada Iberia S.A.,Organización psoe fuerte,1991
10,Nevado y asociados S.L.,Única ser datos,1997
11,Logística Feliu S.Com.,Trata región se,2025
12,Minería Ferrer y asociados S.A.,Pequeña sistemas,1985
13,Victoriano Pont Roman S.Coop.,Equipo cual,2004
14,Inmobiliaria Losada & Asociados S.A.,Aspecto g voy,1977
15,Manufacturas Española S.L.L.,Paz estudio,1996
16,Carlota Pomares Paz S.L.U.,D camino pasó,1999
17,Minería Inteligentes S.A.,Cual posibilidad,1984
18,Carbó y Guerra S.Com.,Grado vista cuba hablar,2004
19,Soluciones Ocaña S.A.,Acciones falta medios,1971
20,Talleres Exposito y asociados S.A.,Del con,2022
21,Talleres Internacionales S.Coop.,Primeras de población,1990
22,Infraestructuras WARZ S.A.T.,Popular pregunta blanca aspectos,2004
23,Fuertes & Asociados S.Com.,Lugar área tarde visto,1991
24,Gilabert y Ledesma S.A.,Partidos somos,1987
25,Olivera y asociados S.A.D,Animales cuales,2005
26,Transportes Ibérica S.L.L.,Casi algo,1997
27,Fernando Costa Serra S.Coop.,Nuestros frente quería,2011
28,Servicios FP S.L.N.E,Años tanto hijo,2021
29,Infraestructuras RMEX S.L.,Hubo nuestra suficiente,1985
30,Castell y Galán S.Com.,Pasa varias obstante,2020
31,Promociones Dominguez & Asociados S.L.N.E,Hizo poco tribunal,1997
32,Luna y asociados S.Com.,Problema tomar estaba,2009
33,Selena Tejada Guillen S.L.N.E,Diversos cabeza,1982
34,Jaume y asociados S.Coop.,Riesgo suficiente poco,1983
35,Diéguez y Alonso S.Coop.,Sociales acerca,2016
36,Inmobiliaria Andrés y asociados S.Com.,Parte idea años,2004
37,Hermanos Alcaraz S.Coop.,Presente cuatro estuvo,2019
38,Soluciones Barranco & Asociados S.L.,Sola grupo cambios capital,2001
39,Gargallo y asociados S.L.L.,U diferencia,2009
40,Construcción JC S.L.U.,Nuevas estamos sigue,1974
41,Suministros Alberola S.A.T.,Dejar,2024
42,Hermanos Lerma S.Com.,Trabajar alguien blanca,2004
43,Familia Ureña S.Coop.,Esta estuvo menos respecto,1971
44,Distribuciones del Mediterráneo S.L.,Tiene gonzález cabo electoral,2003
45,Transportes Ponce S.Coop.,Director,2005
46,Servicios Pérez y asociados S.Coop.,Obra viejo,2004
47,Luna Romeu Font S.Coop.,Presidente plazo acto,2001
48,Rosario Sans Nieto S.L.,Dicen cuba ayuda final,2024
49,Supermercados Bejarano S.L.,Tema hicieron,2003
50,Buendía y asociados S.A.,Vida,2011
51,Despacho Blanes & Asociados S.Com.,Diez autor ejército,1979
52,Familia Pelayo S.Com.,Su humano,1990
53,Palau y Cantón S.A.,Apoyo están debe hizo,2007
54,Grupo Boix S.A.,Tiempos entre,1993
55,Melisa Ferrán Padilla S.A.,Obstante que,2024
56,Zaragoza y Oliva S.A.,Una encuentran eso,1995
57,Tecnologías Suárez S.L.,Marco peso,2008
58,Grupo Carpio S.A.,Relación padre,1981
59,Matilde Pulido Campos S.A.U,Concepto sea las,1993
60,Cintia Morales Andrade S.Coop.,Llegado mayores,2010
61,Tecnologías Lluch & Asociados S.A.,Oposición grado ninguna,1982
62,Inmobiliaria Valencia S.Coop.,Varias ahí proyecto,1995
63,Inversiones Bautista & Asociados S.Com.,Siguientes contra,2025
64,Inversiones Herrera S.L.U.,Suerte propia cargo,2010
65,Minería Saavedra & Asociados S.A.T.,Visto grupo uso,2007
66,Consultoría Barrio S.Com.,Alguien octubre dijo,2006
67,Grupo Mas S.Coop.,Frente producción sería,1995
68,Desarrollo FF S.Coop.,Título josé tiene,1993
69,Logística Riquelme & Asociados S.L.N.E,Camino muestra buen,1988
70,Despacho Tejedor y asociados S.L.,Demasiado guerra rosa,1989
71,Distribuciones Río & Asociados S.Coop.,Primeras partidos unidad,1978
72,Vicenta Arana Bosch S.A.,Gente mayores social,1971
73,Promociones Andres S.L.L.,Días posibilidad siete rey,1987
74,Talleres del Norte S.L.,Todavía doctor cierto tiene,2006
75,Paz Urrutia Ricart S.L.L.,Fuerza congreso victoria tras,1999
76,Banco Carretero S.Com.,José argentina etc,2012
77,Desarrollo Calderon S.L.,Tenido través,1997
78,Banco Vega y asociados S.Coop.,Meses idea,1993
79,Ferreras y Cisneros S.L.U.,Después cinco,2018
80,Consultoría Acosta S.L.N.E,U ésta,1975
81,Samanta Atienza Quiroga S.L.L.,Humana largo teoría,1987
82,Canales y Iniesta S.Com.,Hombre existencia situación,1986
83,Ángeles Paredes Morillo S.L.,Uso,2024
84,Goyo Tejera Palacio S.A.,Mujer imágenes,2007
85,Tamayo & Asociados S.Com.,Momento cama,2005
86,Supermercados Borrego S.Com.,Oposición media mira,2021
87,Comercial Rey & Asociados S.L.,Cualquier hospital,1989
88,Fábrica Zurita & Asociados S.C.P,Podría animales,2009
89,Hermanos Salvà S.A.T.,Supuesto luego,2000
90,Hnos Arévalo S.A.,Superior electoral éxito,1999
91,Soluciones Llorente & Asociados S.A.,Le dejó fue,1975
92,Familia Mármol S.L.,Izquierda misma,2001
93,González y Aliaga S.L.N.E,Último favor,1982
94,Hermanos Aliaga S.A.,Materia música director,2002
95,Hnos Salas S.A.T.,Instituciones especialmente,2008
96,Hotel Dávila S.L.,Local teoría,1996
97,Grupo Peñalver S.Coop.,Color estaban,1978
98,Comercializadora CX S.L.,Estilo posibilidades,1995
99,Instalaciones Escalona S.L.L.,Productos b quizá,2022
100,Laguna & Asociados S.A.,Resultados,2018
